"Account ID","Campaign","Ad group","Keyword","Criterion type","Status"
"872-650-8560","BDS | Search | Restaurants","Restaurant Website","изработка на сайт за ресторант","Exact","Paused"
"872-650-8560","BDS | Search | Restaurants","Restaurant Website","сайт за ресторант","Exact","Paused"
"872-650-8560","BDS | Search | Restaurants","Restaurant Website","сайт за заведение","Exact","Paused"
"872-650-8560","BDS | Search | Restaurants","Restaurant Website","изработка на сайт за пицария","Exact","Paused"
"872-650-8560","BDS | Search | Restaurants","Restaurant Website","сайт за пицария","Exact","Paused"
"872-650-8560","BDS | Search | Restaurants","Restaurant Website","изработка на сайт за ресторант","Phrase","Paused"
"872-650-8560","BDS | Search | Restaurants","Restaurant Website","сайт за ресторант цена","Phrase","Paused"
"872-650-8560","BDS | Search | Restaurants","Restaurant Website","уеб сайт за ресторант","Phrase","Paused"
"872-650-8560","BDS | Search | Restaurants","Restaurant Website","сайт за кафене","Phrase","Paused"
"872-650-8560","BDS | Search | Restaurants","Online Ordering","онлайн поръчки за ресторант","Exact","Paused"
"872-650-8560","BDS | Search | Restaurants","Online Ordering","система за онлайн поръчки ресторант","Exact","Paused"
"872-650-8560","BDS | Search | Restaurants","Online Ordering","онлайн поръчки за пицария","Exact","Paused"
"872-650-8560","BDS | Search | Restaurants","Online Ordering","собствена система за поръчки","Exact","Paused"
"872-650-8560","BDS | Search | Restaurants","Online Ordering","система за онлайн поръчки","Phrase","Paused"
"872-650-8560","BDS | Search | Restaurants","Online Ordering","онлайн поръчки заведение","Phrase","Paused"
"872-650-8560","BDS | Search | Restaurants","Online Ordering","сайт с онлайн поръчки","Phrase","Paused"
"872-650-8560","BDS | Search | Restaurants","Online Ordering","платформа за поръчки на храна","Phrase","Paused"
"872-650-8560","BDS | Search | Restaurants","Online Ordering","дигитално меню с поръчки","Phrase","Paused"
"872-650-8560","BDS | Search | Restaurants","Restaurant System","дигитална система за ресторант","Exact","Paused"
"872-650-8560","BDS | Search | Restaurants","Restaurant System","ресторантска система","Exact","Paused"
"872-650-8560","BDS | Search | Restaurants","Restaurant System","система за управление на ресторант","Exact","Paused"
"872-650-8560","BDS | Search | Restaurants","Restaurant System","дигитално меню за ресторант","Phrase","Paused"
"872-650-8560","BDS | Search | Restaurants","Restaurant System","QR меню за ресторант","Phrase","Paused"
"872-650-8560","BDS | Search | Restaurants","Restaurant System","система за ресторант","Phrase","Paused"
