"Account ID","Campaign","Callout text"
"872-650-8560","BDS | Search | Restaurants","Ясни цени"
"872-650-8560","BDS | Search | Restaurants","Фиксирана цена"
"872-650-8560","BDS | Search | Restaurants","Бърза оферта"
"872-650-8560","BDS | Search | Restaurants","Онлайн поръчки"
"872-650-8560","BDS | Search | Restaurants","Дигитално меню"
"872-650-8560","BDS | Search | Restaurants","Админ панел"
"872-650-8560","BDS | Search | Restaurants","Мобилна версия"
"872-650-8560","BDS | Search | Restaurants","Поддръжка след старта"
"872-650-8560","BDS | Search | Restaurants","Българска услуга"
"872-650-8560","BDS | Search | Restaurants","Безплатна консултация"
